zandwichcat,8f6535dd-5e5c-4c51-ac59-390c874491ae
towny_war_chest,8895c16c-cfae-3603-b813-f8649db09290
l3g8,5830e072-7925-391c-bc48-8cd7a67b0f74
town_italia,61c6c8af-f161-30a4-9d3c-6b64dcf17849
imcrack_,5739c7f2-2e64-3d33-a528-37e2910bf206
jeftezmont,233c647c-0172-4176-a050-95591685755a
toa_dergrauewolf,a5354b00-617d-4edb-b87c-488fb2cf7c25
nation_usa,ab074a13-b473-31a8-8e02-6cde226089d0
town_venezuela,3e06b8ce-d251-30e2-ab7d-5f5ebeadf3a1
cambac_,f9b1d78b-6c25-435e-93f7-c454dcd4e3b1
nameless_klng,6abe3436-9d08-4893-bda0-f7250b41db93
guibi153,31ae52a8-809e-4cd6-8fc9-707fac7a3ec2
_debt__italia,7ce6eb29-611c-38fb-afce-471a0453a379
david4020,5f932214-8bc0-3061-a8e7-43185bdfad2d
th3m1ch31,752a6de3-4c6b-444c-8dbb-fcc158ad935f
nephis,63e36a89-59b2-4c71-a469-8982babe6570
blueront,aa07ae9d-1856-4e82-90fd-822dbb89b417
karlajmz,e6c712a4-c7a0-3ecf-8abf-92fa577190d4
town_francia,3f5e7cec-8735-3ba6-86b3-f1946cd1a07f
4l3j4ndr0o,3874ff18-c9c7-422a-a79c-7f16c3eb14b5
gabo11705,6faa3348-7071-30b9-886a-aad7539dd871
bald_tango,bc1c9712-1577-4efb-9ba8-a337d71cf51d
lego_games8,ed6db173-34ba-41ca-86dd-bb7ff9671ecd
omar_craft,5d14a7fe-ca83-3e09-aaff-cc465fc08cdd
jcarlopr,7fd51afd-983b-4a97-8a9d-5b2793c88171
matew056,b1ba291c-6e6a-33cc-b82a-fb4545340541
srtuqueque,52983d3e-050e-3773-bddc-afc445e01acd
_debt__jap_n,d570d66b-9100-3a59-871d-1d7b4a24c156
town_usa,90618f16-53b0-3aac-a804-8a33ec0e54fb
luso_,fde48805-52c6-4e4e-b60e-2028fb1184e4
_debt__venezuela,83ae1d94-09c8-3fce-903c-5b71d09f5101
rakojaibasga,3f1155e7-efb6-34b3-b93c-606354d40803
hcdempsey,034d233c-00a3-4f4b-849a-b60b5d5ec700
nation_francia,9f1c92dd-f687-36d4-bda5-2d25d312148f
60th,07c4d58d-8dd8-34ad-a885-a20377c59612
arcentzal,56e918c6-cf58-41dd-9a2f-5e09e60787ad
town_jap_n,0dba1643-4083-30aa-bcf0-a998c09b785d
_debt__francia,057c976d-4fe9-3cc3-b8a4-2c61a82312f9
fldsmdfr_,bb4e083f-d71b-32f4-bfb5-f95c97054a69
k_dieg,60acd85b-f724-376f-9dd0-9c24db4dd97d
abdelshe,3c4373c5-0f77-3b6f-8599-9fa31bc1182f
1kdh8,bd72f1ca-13a8-3060-9846-cee9fa58e1e3
_debt__usa,b719d6b2-b68f-3f56-a6cb-9e7bf92501df
rocklets_,db258ad9-6662-32f9-b884-419c4d602177
